{"cameraMode":{"drawMode":0,"name":"Shaded","section":"Shading Mode"},"sceneLighting":true,"audioPlay":false,"sceneViewState":{"showFog":true,"showMaterialUpdate":false,"showSkybox":true,"showFlares":true,"showImageEffects":true,"showParticleSystems":true},"in2DMode":false,"pivot":{"x":-11.90139389038086,"y":-1.2500983476638795,"z":3.5563671588897707},"rotation":{"x":0.10016677528619766,"y":-0.683732271194458,"z":0.09558362513780594,"w":0.7164978981018066},"size":19.488460540771486,"orthographic":false}