{"cameraMode":{"drawMode":0,"name":"Shaded","section":"Shading Mode"},"sceneLighting":false,"audioPlay":false,"sceneViewState":{"showFog":true,"showMaterialUpdate":false,"showSkybox":false,"showFlares":true,"showImageEffects":true,"showParticleSystems":true},"in2DMode":false,"pivot":{"x":17.548852920532228,"y":3.444953680038452,"z":-44.6998291015625},"rotation":{"x":-0.35817018151283266,"y":0.003358091227710247,"z":-0.0012884229654446245,"w":-0.9336501955986023},"size":5.046109199523926,"orthographic":false}