{"cameraMode":{"drawMode":0,"name":"Shaded","section":"Shading Mode"},"sceneLighting":false,"audioPlay":false,"sceneViewState":{"showFog":true,"showMaterialUpdate":false,"showSkybox":false,"showFlares":true,"showImageEffects":true,"showParticleSystems":true},"in2DMode":false,"pivot":{"x":418.4999694824219,"y":88.75154876708985,"z":2.0989556312561037},"rotation":{"x":0.17290276288986207,"y":-0.7673726677894592,"z":0.23183536529541017,"w":0.5722902417182922},"size":1412.81396484375,"orthographic":false}